id,fullName,parentName,dob,contact,email,dateJoined,createdAt,updatedAt,isDeleted,levelId,status,convertedAt,terminatedAt,onHoldAt,branchId
st1,Casey Stiedemann,Mr. Herbert Mohr,2021-01-07,631-390-7432,Alda91@hotmail.com,2024-07-23T22:05:23.522Z,2025-02-24T08:26:43.079Z,2025-06-17T12:49:02.697Z,false,l1,NORMAL,,,,b1
st2,Marcella Douglas,Miss Kelley Gleichner,2021-08-17,610-717-2882 x4852,Zaria_Smith@yahoo.com,2025-02-21T15:56:09.085Z,2025-05-04T13:16:29.923Z,2025-06-17T17:26:44.848Z,false,l1,NORMAL,,,,b3
st3,Mathew Lubowitz,Whitney Langworth,2017-09-24,1-474-380-3330,Susanna.Stanton57@hotmail.com,2024-11-07T13:50:49.881Z,2025-05-15T18:52:45.834Z,2025-06-17T16:47:12.846Z,false,l1,NORMAL,,,,b2
st4,Brooke Abbott,Terry Schoen,2018-01-19,(706) 565-0768 x05468,Dulce.Wilkinson44@yahoo.com,2024-10-21T19:14:04.573Z,2024-07-30T13:09:19.664Z,2025-06-17T19:38:26.062Z,false,l1,NORMAL,,,,b1
st5,Guillermo Grimes,Dr. Preston Pouros,2012-06-12,(300) 291-1510 x91907,Keenan.Corwin12@gmail.com,2024-11-29T18:50:06.462Z,2025-03-14T23:56:23.169Z,2025-06-17T15:40:32.391Z,false,l1,NORMAL,,,,b2
st6,Hubert Reinger,Cora Pfeffer,2012-05-21,290.833.6465 x473,Sage_Hegmann96@hotmail.com,2024-08-05T22:30:20.494Z,2024-10-01T04:45:23.127Z,2025-06-17T20:17:17.640Z,false,l1,NORMAL,,,,b3
st7,Irene Robel I,Boyd Hamill,2020-03-20,954.806.3422,Jadyn.Kertzmann@gmail.com,2024-10-07T00:25:07.073Z,2025-04-24T00:38:31.730Z,2025-06-17T12:39:46.925Z,false,l1,NORMAL,,,,b3
st8,Ryan Crooks,Rose Johnston-Zieme,2016-05-28,282-392-0066 x0888,Aracely21@hotmail.com,2024-08-14T09:22:40.232Z,2024-09-26T18:06:14.626Z,2025-06-17T08:39:17.921Z,false,l1,NORMAL,,,,b2
st9,Julio Rath,Bert Jast,2014-05-05,686-384-0945,Chyna.Wunsch37@gmail.com,2025-04-04T08:46:39.569Z,2024-11-05T11:45:55.412Z,2025-06-17T07:17:53.646Z,false,l1,NORMAL,,,,b2
st10,Bryan Beahan,Norman Bernhard,2012-12-07,375-607-2352 x0491,Tommie_Daugherty@gmail.com,2025-02-18T18:41:19.255Z,2025-03-14T14:47:11.975Z,2025-06-17T21:33:52.753Z,false,l1,NORMAL,,,,b1
st11,Felicia Gulgowski,Pedro Lubowitz,2020-06-15,806-388-2338 x625,Shanna_Ankunding@hotmail.com,2024-12-21T15:07:25.407Z,2024-11-10T02:47:50.079Z,2025-06-17T14:08:41.835Z,false,l1,NORMAL,,,,b2
st12,Tabitha Satterfield-Kling,Joy Botsford,2014-07-03,952-287-6224,Madisen85@hotmail.com,2025-04-15T19:05:45.591Z,2025-05-08T03:10:42.053Z,2025-06-17T04:38:08.317Z,false,l1,NORMAL,,,,b3
st13,Faye Paucek,Tracy Lindgren,2019-06-02,447.930.7731 x1875,Pearlie90@gmail.com,2024-08-24T12:55:12.355Z,2024-10-28T02:08:22.271Z,2025-06-17T03:30:08.934Z,false,l1,NORMAL,,,,b2
st14,Krystal Wolf,Vivian Turcotte,2019-05-17,(579) 504-5164 x414,Julio_Hamill@gmail.com,2024-12-31T06:20:07.006Z,2024-12-06T12:36:53.644Z,2025-06-17T09:40:43.761Z,false,l1,NORMAL,,,,b1
st15,Suzanne Berge,Nora Schneider,2013-09-15,434-511-1737 x693,Kyra_Swift@hotmail.com,2025-03-15T03:06:37.746Z,2024-08-08T00:00:07.518Z,2025-06-17T08:50:24.719Z,false,l1,NORMAL,,,,b2
st16,Lewis Littel,Rosemarie Pouros,2013-05-24,544.529.9139 x04122,Domenic_Cronin@yahoo.com,2025-03-29T13:12:51.607Z,2024-09-02T19:05:28.870Z,2025-06-17T04:32:06.193Z,false,l1,NORMAL,,,,b1
st17,Joey Will V,Mae Maggio,2012-07-02,(323) 777-9210 x3231,Georgette.McGlynn@hotmail.com,2024-10-01T21:08:38.170Z,2024-07-24T05:27:57.026Z,2025-06-17T01:09:16.585Z,false,l1,NORMAL,,,,b1
st18,Pat Wunsch,Miss Sheryl Krajcik,2012-03-30,634.398.6667,Christine24@yahoo.com,2025-02-20T11:50:40.024Z,2024-08-26T18:15:32.641Z,2025-06-18T00:27:33.882Z,false,l1,NORMAL,,,,b3
st19,Vincent Erdman,Mrs. Tricia O'Conner,2021-04-23,1-820-332-4586 x5287,Kameron7@yahoo.com,2025-04-17T22:10:53.197Z,2025-05-22T12:09:05.761Z,2025-06-17T03:59:57.637Z,false,l1,NORMAL,,,,b2
st20,Kelvin Streich,Mrs. Jennifer Moore,2021-11-27,564-773-3789,Maybelle_Rice@hotmail.com,2024-09-20T10:02:04.544Z,2024-11-30T11:21:40.808Z,2025-06-17T06:37:18.884Z,false,l1,NORMAL,,,,b2
st21,Lorraine Rosenbaum,Priscilla Barrows,2014-07-14,(363) 662-4070 x21396,Gerry_Kuhlman28@yahoo.com,2024-07-12T07:47:13.912Z,2025-05-31T16:41:11.262Z,2025-06-17T16:09:34.392Z,false,l2,NORMAL,,,,b1
st22,Jimmy Beahan II,Edith Kirlin,2016-04-30,634.586.6092 x985,Elfrieda36@gmail.com,2024-12-06T17:18:17.839Z,2024-12-02T09:57:26.978Z,2025-06-17T12:04:29.383Z,false,l2,NORMAL,,,,b2
st23,Emily Hickle,Christie Runolfsson,2016-04-28,682.428.3296 x429,April.Koelpin@hotmail.com,2025-06-04T14:00:18.780Z,2024-10-09T23:31:00.197Z,2025-06-17T08:21:03.423Z,false,l2,NORMAL,,,,b3
st24,Elena McDermott,Boyd Hegmann,2015-12-06,(410) 788-9748 x72094,Clair_Hammes99@gmail.com,2025-01-12T10:39:24.594Z,2024-07-27T13:00:18.184Z,2025-06-17T08:34:15.098Z,false,l2,NORMAL,,,,b2
st25,Janet Breitenberg MD,Miss Leigh Bosco,2015-11-26,1-480-955-4989 x387,Stacy.Stark76@hotmail.com,2024-11-23T13:59:43.260Z,2024-11-04T15:30:56.547Z,2025-06-17T11:27:47.415Z,false,l2,NORMAL,,,,b1
st26,Shannon Carroll,Jeremiah Cronin,2018-09-15,(695) 253-7032 x43768,Margot_Ziemann@hotmail.com,2024-06-29T03:25:14.139Z,2025-02-01T04:09:33.874Z,2025-06-17T19:20:34.821Z,false,l2,NORMAL,,,,b2
st27,Jordan Fahey-Kilback,Terrance Romaguera,2017-12-10,1-247-529-0414 x405,Rico.Bartoletti@yahoo.com,2024-12-07T21:04:55.470Z,2024-12-10T05:10:38.781Z,2025-06-17T07:19:18.641Z,false,l2,NORMAL,,,,b1
st28,Michael Schulist,Colin Heller,2021-08-18,738-414-9536 x72376,Jillian_Nicolas91@yahoo.com,2025-06-07T09:05:23.880Z,2025-03-11T08:45:04.630Z,2025-06-17T07:19:06.598Z,false,l2,NORMAL,,,,b2
st29,Marsha Moore,Latoya Beer,2020-11-27,(906) 780-5428 x7111,Otto.Wisoky@yahoo.com,2024-07-02T18:08:59.377Z,2024-10-19T01:33:00.421Z,2025-06-17T19:28:15.772Z,false,l2,NORMAL,,,,b3
st30,Guy Hintz,Neil Ziemann DVM,2020-06-03,(734) 638-8373 x657,Emmanuelle71@hotmail.com,2025-03-23T13:30:00.937Z,2024-07-13T19:58:13.178Z,2025-06-17T16:02:49.784Z,false,l2,NORMAL,,,,b3
st31,Sidney Raynor,Guadalupe Runte,2014-05-18,320-349-6811 x37584,Kaley93@gmail.com,2024-12-04T17:00:29.444Z,2025-02-09T10:51:48.611Z,2025-06-17T11:01:23.968Z,false,l2,NORMAL,,,,b1
st32,Cecelia Roberts,Mr. Neal Hilll,2016-05-16,(815) 908-1989 x0031,Myrtle2@hotmail.com,2025-04-17T05:51:53.265Z,2024-11-28T13:08:22.107Z,2025-06-17T21:48:10.752Z,false,l2,NORMAL,,,,b1
st33,Kristin Greenfelder,Dana Leffler,2020-02-06,377-856-8959 x5363,Ubaldo80@gmail.com,2024-11-18T22:05:13.194Z,2024-12-19T04:39:58.071Z,2025-06-17T05:31:31.418Z,false,l2,NORMAL,,,,b1
st34,Horace Adams III,Floyd Wisozk,2018-06-07,1-346-752-6912 x702,Connor75@hotmail.com,2025-02-14T08:27:02.347Z,2024-11-07T15:10:49.139Z,2025-06-17T00:56:03.772Z,false,l2,NORMAL,,,,b1
st35,Stewart Schultz,Matthew Boyer,2013-11-04,354-902-1461 x25668,Valentin.Ritchie@yahoo.com,2024-11-18T06:45:48.906Z,2025-06-09T13:02:28.762Z,2025-06-17T21:07:50.421Z,false,l2,NORMAL,,,,b1
st36,Rogelio Leannon,Elbert Dietrich,2017-03-19,954-720-6295 x4930,Abigale_Deckow@yahoo.com,2024-10-23T00:18:21.229Z,2025-05-14T22:44:25.369Z,2025-06-17T04:30:00.340Z,false,l2,NORMAL,,,,b2
st37,Carrie Buckridge,Holly Olson,2018-07-22,(523) 206-5309 x7603,Stephen9@gmail.com,2024-12-17T06:56:40.037Z,2024-11-15T01:14:18.413Z,2025-06-17T21:14:01.022Z,false,l2,NORMAL,,,,b3
st38,Hector Schmeler,Evelyn Mayert,2019-03-23,(990) 318-8498,Emanuel4@gmail.com,2025-03-19T20:17:47.626Z,2024-12-17T14:17:05.912Z,2025-06-17T11:53:29.384Z,false,l2,NORMAL,,,,b1
st39,Van McKenzie I,Alexandra Beier V,2015-11-11,952.272.8452 x5626,Desiree98@hotmail.com,2024-10-07T14:35:27.320Z,2024-08-06T04:36:21.785Z,2025-06-17T05:35:56.759Z,false,l2,NORMAL,,,,b1
st40,Grace Keeling,Noel Schneider,2018-10-22,984.661.4835 x07280,Randy_Pacocha@gmail.com,2025-05-10T07:57:25.709Z,2024-09-23T10:39:49.090Z,2025-06-17T13:14:16.342Z,false,l2,NORMAL,,,,b3
st41,Alex Wolff,Dexter Beer,2018-08-31,471-363-5121,Charity.Koelpin@yahoo.com,2025-01-05T03:24:51.185Z,2025-05-18T02:17:30.758Z,2025-06-17T17:29:10.649Z,false,l3,NORMAL,,,,b3
st42,Annie Hyatt,Christian Auer,2020-12-07,745.711.6182,Delfina.Fay6@yahoo.com,2025-05-17T18:13:48.519Z,2024-09-17T21:33:55.294Z,2025-06-17T06:37:02.335Z,false,l3,NORMAL,,,,b2
st43,Bruce Morar,Doug Spinka II,2021-05-30,(358) 586-7272,David.Schmidt59@hotmail.com,2024-06-22T21:27:19.536Z,2024-10-12T14:17:48.891Z,2025-06-17T01:35:41.391Z,false,l3,NORMAL,,,,b1
st44,Darlene Cole,Kelly Blick,2015-11-21,925.979.3939 x67451,Afton_Lubowitz@yahoo.com,2025-05-08T06:21:51.099Z,2025-04-24T00:17:42.872Z,2025-06-17T04:56:32.484Z,false,l3,NORMAL,,,,b1
st45,Patrick Ortiz,Hope Kassulke,2019-09-21,(248) 564-3404 x5260,Giovanna_Shanahan@yahoo.com,2024-09-16T03:53:16.782Z,2024-07-06T16:18:24.444Z,2025-06-17T07:14:06.286Z,false,l3,NORMAL,,,,b3
st46,Nick Cremin,Brooke Lesch,2017-10-19,442.503.0301 x683,Corene.Renner@yahoo.com,2025-01-10T08:19:45.519Z,2024-06-19T15:41:58.192Z,2025-06-17T08:50:01.074Z,false,l3,NORMAL,,,,b2
st47,Gabriel Schmeler,Annie McLaughlin,2014-05-05,689-913-0333 x00645,Alexys.Volkman@gmail.com,2024-06-28T06:19:16.948Z,2024-10-30T00:57:35.771Z,2025-06-17T20:52:42.736Z,false,l3,NORMAL,,,,b3
st48,Cheryl Flatley,Gregg Stiedemann,2015-01-02,356.905.4624,Otto54@gmail.com,2024-12-14T18:28:47.285Z,2024-09-28T12:20:10.529Z,2025-06-17T13:44:59.653Z,false,l3,NORMAL,,,,b2
st49,Homer Watsica,Ms. Luz Swaniawski,2020-11-28,747-285-8384 x235,Samara.Kuphal16@gmail.com,2024-10-04T11:47:53.145Z,2024-12-04T23:02:26.506Z,2025-06-17T05:45:57.275Z,false,l3,NORMAL,,,,b2
st50,Denise Tremblay,Mr. Darnell Gislason,2016-11-02,748.728.9124 x05017,Cristobal.Ritchie@hotmail.com,2024-11-09T17:23:01.886Z,2025-05-21T12:41:51.374Z,2025-06-17T15:41:37.073Z,false,l3,NORMAL,,,,b3
st51,Marjorie Dickinson,Timothy Will,2021-03-07,(344) 648-7705 x03562,Laisha48@yahoo.com,2024-11-13T08:12:56.976Z,2024-10-04T10:31:49.543Z,2025-06-17T03:13:22.632Z,false,l3,NORMAL,,,,b1
st52,Marshall Herzog-Mann,Gretchen Hayes-Schaefer,2018-05-14,1-399-209-0194,Dejon_Morissette19@gmail.com,2024-08-09T00:02:50.884Z,2024-08-25T00:07:35.317Z,2025-06-17T09:33:04.177Z,false,l3,NORMAL,,,,b2
st53,Katherine Schuster,Edith Pacocha,2021-07-12,1-978-651-3579 x4512,Mittie.Lehner@hotmail.com,2024-12-08T12:25:55.951Z,2024-06-29T14:11:09.494Z,2025-06-17T11:13:23.169Z,false,l3,NORMAL,,,,b2
st54,Mrs. Robin Vandervort,Chris Herzog,2020-10-15,399-659-3627 x6538,Abe_Mante97@hotmail.com,2024-12-01T09:47:55.272Z,2025-02-14T23:13:07.542Z,2025-06-17T06:24:18.773Z,false,l3,NORMAL,,,,b3
st55,Levi Larkin Sr.,Carole Wuckert,2014-06-13,809.567.2500 x383,Thaddeus_Yost@yahoo.com,2025-02-14T19:01:38.443Z,2024-07-10T20:17:01.482Z,2025-06-17T15:22:01.660Z,false,l3,NORMAL,,,,b3
st56,Clinton Hansen,Kristen Treutel,2016-08-31,(662) 481-1952 x2612,Breanna72@hotmail.com,2024-07-16T13:50:35.802Z,2024-09-05T00:37:19.479Z,2025-06-17T17:12:33.520Z,false,l3,NORMAL,,,,b3
st57,Cora Lubowitz,Alonzo Leannon,2014-10-19,490.529.2886 x29060,Queen_Nolan15@hotmail.com,2024-07-14T01:09:05.951Z,2024-06-25T16:21:55.172Z,2025-06-17T07:22:08.081Z,false,l3,NORMAL,,,,b1
st58,Mr. Raymond Kreiger,Mindy Fahey,2015-01-03,813.460.4976 x22324,Leland.Konopelski@gmail.com,2025-04-22T18:44:40.486Z,2024-08-05T02:02:18.591Z,2025-06-17T08:25:59.172Z,false,l3,NORMAL,,,,b1
st59,Mathew Kerluke Sr.,Cathy Baumbach,2013-10-24,649.361.6595,Adell97@gmail.com,2024-09-24T01:20:40.006Z,2025-05-17T02:31:51.242Z,2025-06-17T23:44:06.281Z,false,l3,NORMAL,,,,b1
st60,Iris Veum,Diane Reichert,2014-07-16,(653) 947-7162 x371,Araceli55@hotmail.com,2025-06-11T05:21:59.657Z,2024-11-10T06:16:33.793Z,2025-06-17T15:24:29.692Z,false,l3,NORMAL,,,,b2
st61,Irvin Treutel,Karl Williamson,2012-10-03,1-753-595-2888,Kara.Hahn@gmail.com,2024-07-04T21:12:07.135Z,2025-01-29T22:03:15.548Z,2025-06-17T22:30:50.982Z,false,l4,NORMAL,,,,b3
st62,Mary Schinner,Ramona Walker,2020-03-03,(897) 500-2316,Audra.Jerde-Cartwright48@hotmail.com,2024-06-26T22:42:45.344Z,2025-02-18T05:32:02.500Z,2025-06-17T16:00:52.219Z,false,l4,NORMAL,,,,b2
st63,Dr. Penny Wintheiser,Miranda Stamm,2019-11-23,645.263.6022,Tessie_Runolfsdottir@gmail.com,2025-04-07T05:03:57.186Z,2025-01-02T11:34:29.263Z,2025-06-17T23:07:16.119Z,false,l4,NORMAL,,,,b2
st64,Kurt Ziemann,Clinton Renner,2016-02-05,1-918-396-4052 x4028,Alexa.Kunze80@yahoo.com,2024-12-28T08:35:51.952Z,2025-03-21T21:30:10.930Z,2025-06-17T16:10:30.460Z,false,l4,NORMAL,,,,b2
st65,Desiree Zieme,Ebony Tremblay III,2020-01-31,1-622-760-8400 x488,Daphne_Wilderman38@yahoo.com,2025-01-10T01:55:28.155Z,2024-09-21T20:58:54.343Z,2025-06-17T05:18:41.852Z,false,l4,NORMAL,,,,b2
st66,Oliver Kemmer,Robin Rutherford III,2018-11-08,(307) 574-4215 x246,Fannie.Breitenberg@gmail.com,2024-07-08T12:04:51.265Z,2024-12-27T18:03:14.496Z,2025-06-17T13:36:32.147Z,false,l4,NORMAL,,,,b3
st67,Ruby Christiansen,Paula Bednar,2016-09-03,401.687.2038 x814,Damaris27@hotmail.com,2024-11-06T17:48:29.218Z,2025-05-26T14:20:57.023Z,2025-06-17T17:39:28.931Z,false,l4,NORMAL,,,,b1
st68,Dr. Joey Schmidt,Mr. Morris Grady,2012-08-31,957.698.2023 x407,Marcus_Pfannerstill73@yahoo.com,2025-02-08T14:45:27.894Z,2025-06-01T00:23:00.616Z,2025-06-17T08:50:39.736Z,false,l4,NORMAL,,,,b3
st69,Dr. Gregg Frami,Dr. Alison Considine-Wilkinson III,2021-03-10,315.642.3951 x23536,Junior24@yahoo.com,2025-05-08T02:28:01.315Z,2025-06-01T10:49:26.824Z,2025-06-17T02:43:43.706Z,false,l4,NORMAL,,,,b1
st70,Myron Armstrong,Grant Kessler,2019-05-22,471-717-4123 x31319,Demarco60@yahoo.com,2024-09-22T22:01:26.261Z,2025-05-27T06:56:15.579Z,2025-06-17T06:40:44.329Z,false,l4,NORMAL,,,,b2
st71,Tiffany Johns V,Tami Rohan,2013-06-16,436.757.4963,Roel84@gmail.com,2024-10-25T12:52:20.666Z,2024-12-18T04:35:22.128Z,2025-06-17T22:47:47.978Z,false,l4,NORMAL,,,,b1
st72,Randal Mayer,Edith Terry,2013-04-08,776-399-1883,Lera51@yahoo.com,2024-10-04T22:25:25.772Z,2025-02-04T21:58:13.110Z,2025-06-17T20:27:13.301Z,false,l4,NORMAL,,,,b1
st73,Mildred McCullough,Henry Anderson,2016-07-31,645.643.9667 x14079,Katheryn.Gottlieb@gmail.com,2025-02-17T11:05:58.884Z,2025-04-02T06:46:59.871Z,2025-06-17T10:03:28.086Z,false,l4,NORMAL,,,,b2
st74,Billy Heaney,Dr. Danny Rosenbaum,2014-04-27,(867) 398-7246 x2863,Lindsey.Ruecker-Lindgren4@yahoo.com,2024-11-30T22:01:00.360Z,2024-07-15T03:09:51.350Z,2025-06-17T14:22:34.125Z,false,l4,NORMAL,,,,b2
st75,Juan Schoen,Arturo Kris V,2016-04-14,(930) 922-5936 x095,Jermaine.Crist@hotmail.com,2024-11-15T15:22:15.568Z,2024-09-07T00:32:23.652Z,2025-06-18T00:02:18.981Z,false,l4,NORMAL,,,,b3
st76,Eleanor Schneider,Geneva Heathcote,2013-09-07,1-240-471-1590,Ilene86@hotmail.com,2024-10-14T00:18:18.417Z,2024-11-29T05:16:05.611Z,2025-06-17T22:27:56.479Z,false,l4,NORMAL,,,,b2
st77,Gordon Purdy,Wm Stamm,2019-08-28,1-755-921-2553 x4741,Elton_Strosin@hotmail.com,2024-10-20T12:48:59.419Z,2025-03-05T06:32:36.908Z,2025-06-17T03:21:24.689Z,false,l4,NORMAL,,,,b3
st78,Elizabeth Jast I,Angel Zboncak,2018-03-24,(851) 898-1558 x5408,Ron_McKenzie@gmail.com,2024-09-18T16:06:43.798Z,2024-07-05T10:44:35.021Z,2025-06-17T18:01:20.541Z,false,l4,NORMAL,,,,b3
st79,Cora Huels,Kelly Ruecker,2012-05-12,1-828-323-3962 x1202,Walton.Mayer@hotmail.com,2024-10-03T08:58:29.595Z,2024-09-16T17:37:48.983Z,2025-06-17T07:43:59.109Z,false,l4,NORMAL,,,,b3
st80,Edith Christiansen,Meredith Emard,2019-02-10,(740) 259-5729 x221,Vicky43@gmail.com,2024-07-29T19:03:02.505Z,2024-07-19T13:41:09.412Z,2025-06-17T01:54:50.968Z,false,l4,NORMAL,,,,b1
st81,Elijah Hickle,Francis Bogisich,2017-04-13,495-607-8055,Krystina.Mraz@hotmail.com,2025-04-18T09:51:00.552Z,2025-03-05T22:02:54.361Z,2025-06-17T11:46:32.689Z,false,l5,NORMAL,,,,b1
st82,Vicki Padberg,Zachary Cummings,2017-10-22,1-479-957-8756 x5660,Maddison_Stracke@gmail.com,2025-03-08T19:17:33.958Z,2025-04-26T10:37:39.037Z,2025-06-17T01:42:49.721Z,false,l5,NORMAL,,,,b3
st83,Dr. Taylor Glover,Bob Russel,2016-12-02,527.864.6906 x41877,Willis_Schmitt@gmail.com,2025-05-12T17:54:40.012Z,2024-09-30T15:15:19.020Z,2025-06-17T08:28:56.862Z,false,l5,NORMAL,,,,b1
st84,Mamie Wintheiser,Mr. Adrian Wisozk,2016-08-13,1-450-558-7210 x0783,Tyrique_Romaguera@gmail.com,2025-05-17T10:23:55.027Z,2024-12-14T10:14:49.607Z,2025-06-17T14:24:10.483Z,false,l5,NORMAL,,,,b1
st85,Dr. Matt Little,Mr. Cody Kerluke-Kunze,2021-10-20,210-921-4004 x625,Isai.Harris58@gmail.com,2025-06-12T20:21:06.202Z,2025-05-12T10:45:23.644Z,2025-06-17T01:04:07.226Z,false,l5,NORMAL,,,,b2
st86,Gregg Baumbach,Roland Spencer,2018-09-27,1-584-316-8279 x290,Osbaldo.Blick-Dickinson@yahoo.com,2024-11-24T23:35:27.584Z,2025-03-11T00:11:26.466Z,2025-06-17T04:49:25.425Z,false,l5,NORMAL,,,,b2
st87,Bruce Satterfield,Mr. Ricky Ebert,2016-08-11,903-780-9667 x2686,Jake.Wiza80@yahoo.com,2025-03-07T03:08:21.918Z,2025-04-01T05:16:35.455Z,2025-06-17T16:04:22.915Z,false,l5,NORMAL,,,,b2
st88,Evan Jenkins,Amber Schiller,2014-06-06,936-295-8893 x94166,Dereck.Hackett@yahoo.com,2024-06-24T18:11:44.013Z,2024-10-17T19:56:19.413Z,2025-06-17T17:26:47.956Z,false,l5,NORMAL,,,,b1
st89,Miss Sylvia Daniel III,Nathan Ortiz,2017-03-09,(427) 476-4196,Kelsi_Upton@yahoo.com,2025-05-26T18:39:23.857Z,2025-05-30T08:52:32.872Z,2025-06-17T18:39:57.168Z,false,l5,NORMAL,,,,b3
st90,Jonathan Runte,Pete Haag,2012-07-21,1-542-812-5002,Hubert_Stehr88@hotmail.com,2025-01-31T15:49:22.870Z,2025-05-22T01:05:33.136Z,2025-06-17T22:00:34.461Z,false,l5,NORMAL,,,,b1
st91,Carolyn Schulist,Sherman Abshire,2020-02-14,(696) 623-0765 x68066,Adan_Collins53@gmail.com,2024-09-17T13:38:09.605Z,2024-09-18T13:31:09.492Z,2025-06-17T19:42:21.474Z,false,l5,NORMAL,,,,b1
st92,Joy Hauck,Melvin Schiller,2020-07-12,1-330-872-8685 x2582,Caleb_Goodwin64@yahoo.com,2024-08-20T22:43:53.768Z,2025-05-24T12:52:49.156Z,2025-06-17T14:03:47.632Z,false,l5,NORMAL,,,,b2
st93,Jeanne Runolfsson,Dr. Terence Littel,2019-12-16,(376) 208-9149 x0796,Elizabeth.Funk@hotmail.com,2025-03-21T03:33:15.523Z,2025-01-21T07:04:28.225Z,2025-06-17T07:17:39.193Z,false,l5,NORMAL,,,,b3
st94,Abraham Treutel,Dr. Victor Gottlieb,2013-12-01,(974) 315-0258 x52518,Lera_Erdman@gmail.com,2025-04-10T04:09:56.063Z,2025-02-08T06:11:36.351Z,2025-06-17T04:26:42.636Z,false,l5,NORMAL,,,,b2
st95,Gerald Marvin,Vickie Cole,2014-12-27,272-274-0601 x8280,Hildegard_Sanford@yahoo.com,2025-05-08T11:21:28.677Z,2025-05-15T22:21:56.511Z,2025-06-17T19:29:43.547Z,false,l5,NORMAL,,,,b2
st96,Jorge Lakin,Norma Robel,2018-10-02,(567) 748-2292 x6886,Aniya_Kshlerin@yahoo.com,2025-04-29T17:34:27.712Z,2024-10-30T07:46:29.513Z,2025-06-18T00:06:32.007Z,false,l5,NORMAL,,,,b3
st97,Mario Runolfsson,Leon Thompson,2020-02-11,(501) 783-7083 x311,Baylee31@yahoo.com,2024-08-22T23:31:26.315Z,2025-05-26T20:19:02.022Z,2025-06-17T06:53:24.849Z,false,l5,NORMAL,,,,b3
st98,Devin Pfannerstill,Mr. Bruce Baumbach,2014-10-16,737-489-2665,Bart3@yahoo.com,2024-08-17T03:45:51.305Z,2025-05-01T08:45:23.694Z,2025-06-17T13:34:51.781Z,false,l5,NORMAL,,,,b1
st99,Sharon Botsford,Hubert Schimmel,2018-03-29,762.232.2717 x34560,Lamont_Gislason71@hotmail.com,2024-06-30T13:06:08.433Z,2025-03-09T17:37:28.833Z,2025-06-17T11:39:13.542Z,false,l5,NORMAL,,,,b3
st100,Arturo Volkman,Dr. Helen Goodwin IV,2013-06-23,(415) 933-0608,Oran_Hansen@gmail.com,2024-09-29T07:17:15.439Z,2024-07-05T18:12:03.185Z,2025-06-17T07:20:24.793Z,false,l5,NORMAL,,,,b2
st101,Hugh Abbott,Connie Graham,2012-08-24,207.343.2290 x6204,Abner.Lubowitz@yahoo.com,2025-05-26T08:17:29.100Z,2025-06-16T01:35:06.209Z,2025-06-18T00:32:22.715Z,false,l6,NORMAL,,,,b3
st102,Benjamin Kautzer,Micheal Roberts,2021-06-22,769-568-0656 x746,Aylin43@hotmail.com,2025-03-14T01:59:20.016Z,2025-01-21T18:07:16.841Z,2025-06-17T07:20:46.923Z,false,l6,NORMAL,,,,b3
st103,Jeffrey Armstrong,Lonnie Kilback,2019-02-04,235.285.3873,Francesca_Purdy@hotmail.com,2024-07-20T02:41:26.714Z,2024-07-24T21:16:02.933Z,2025-06-17T16:46:20.163Z,false,l6,NORMAL,,,,b3
st104,Rose Schinner,Kimberly Predovic,2020-09-28,(971) 813-8998 x4760,Connor.Carter99@gmail.com,2025-01-10T05:02:25.775Z,2025-06-04T19:35:40.489Z,2025-06-17T17:57:20.827Z,false,l6,NORMAL,,,,b2
st105,Marty Gulgowski,Ms. Audrey Kassulke-Wintheiser,2017-12-30,614.644.1731 x677,Desiree44@hotmail.com,2025-01-16T04:45:47.803Z,2024-10-10T03:54:00.229Z,2025-06-17T14:15:13.400Z,false,l6,NORMAL,,,,b3
st106,Nancy Lang,Margie Hoppe,2012-06-04,1-998-838-8720 x9173,Brandi_Quitzon@hotmail.com,2024-10-03T05:41:38.603Z,2024-07-22T00:20:39.036Z,2025-06-17T14:52:31.636Z,false,l6,NORMAL,,,,b2
st107,Claire Witting V,Gerardo Ledner-MacGyver V,2019-01-01,325.870.7509 x027,Travon_Ward44@hotmail.com,2024-08-31T03:48:14.431Z,2024-11-04T13:40:06.593Z,2025-06-17T10:40:02.060Z,false,l6,NORMAL,,,,b1
st108,Margaret Wilkinson,Doreen Gerhold II,2014-05-30,783.299.3766 x4803,Heaven.Kiehn@yahoo.com,2025-04-23T05:38:23.130Z,2024-12-30T13:55:42.496Z,2025-06-17T05:59:09.751Z,false,l6,NORMAL,,,,b3
st109,Eugene Ondricka,Maryann Renner,2020-01-27,569.888.0314 x04428,Dolores.Cole@hotmail.com,2024-12-11T16:14:07.982Z,2025-04-01T05:14:42.335Z,2025-06-17T04:44:21.289Z,false,l6,NORMAL,,,,b2
st110,Dr. Doyle Thompson III,Sherman Olson,2012-01-12,(290) 617-2434,Florencio46@yahoo.com,2025-04-27T13:44:57.264Z,2024-10-27T21:30:27.569Z,2025-06-17T11:35:08.372Z,false,l6,NORMAL,,,,b3
st111,Lora Stracke,Eula McLaughlin V,2012-12-26,272.716.7793 x82036,Ottilie.Quigley4@hotmail.com,2024-11-15T12:30:54.522Z,2025-03-03T23:02:53.113Z,2025-06-17T09:00:30.502Z,false,l6,NORMAL,,,,b3
st112,Blake Wehner,Mr. Hugo Durgan,2014-05-18,657-933-1505 x895,Wilfred_Abbott@yahoo.com,2024-12-12T06:17:20.136Z,2025-03-08T22:39:45.267Z,2025-06-18T00:35:51.281Z,false,l6,NORMAL,,,,b1
st113,Velma Boyer,Rodolfo Christiansen,2014-04-17,428.568.5496 x16418,Jamel_Crist@gmail.com,2024-06-30T01:01:12.206Z,2024-07-23T12:37:15.555Z,2025-06-17T14:06:20.717Z,false,l6,NORMAL,,,,b2
st114,Dr. Gail Larkin,Betsy Harber DVM,2020-12-21,564.995.3340,Cameron.Veum-Toy@yahoo.com,2025-05-12T06:52:50.153Z,2025-04-06T14:57:06.788Z,2025-06-17T20:40:00.545Z,false,l6,NORMAL,,,,b1
st115,Donna Altenwerth,Julie Koelpin,2021-04-24,(276) 867-0138 x3909,Jesse_Bergnaum@yahoo.com,2025-04-10T10:12:30.124Z,2025-02-03T09:29:24.904Z,2025-06-17T12:37:26.302Z,false,l6,NORMAL,,,,b3
st116,Nora Cruickshank,Estelle Harris,2017-08-23,(490) 239-8711 x86181,Leola.Swaniawski18@hotmail.com,2025-05-11T20:25:16.970Z,2025-03-28T05:58:45.518Z,2025-06-17T03:52:27.720Z,false,l6,NORMAL,,,,b1
st117,Angelo Grant-MacGyver,Winifred Rau,2021-02-14,955-380-2573 x2866,Raegan97@gmail.com,2024-07-18T14:53:47.060Z,2024-07-14T08:17:06.980Z,2025-06-17T12:53:35.343Z,false,l6,NORMAL,,,,b3
st118,Mr. Aaron Wilderman I,Ms. Maxine Spinka,2019-08-19,918.258.7735 x136,Sylvan46@hotmail.com,2025-01-18T16:31:20.346Z,2025-02-27T04:16:54.219Z,2025-06-17T14:26:11.934Z,false,l6,NORMAL,,,,b1
st119,Alison Schinner,Ryan Terry,2019-09-06,(473) 367-0677 x3611,Bobbie_Windler-Schamberger39@hotmail.com,2024-12-26T19:24:34.455Z,2025-02-01T03:44:01.728Z,2025-06-17T08:45:19.761Z,false,l6,NORMAL,,,,b3
st120,Kayla Mosciski,Miss Marlene White Jr.,2020-07-04,779-668-5788 x62411,Uriel7@yahoo.com,2024-10-31T06:34:36.939Z,2024-12-20T03:30:13.683Z,2025-06-17T02:57:59.936Z,false,l6,NORMAL,,,,b1
st121,Ignacio Bradtke DDS,Keith Ziemann,2019-11-08,772-686-9371,Tristian56@gmail.com,2025-01-03T15:21:45.568Z,2024-07-28T13:52:43.661Z,2025-06-18T00:15:05.540Z,false,l7,NORMAL,,,,b2
st122,Roderick Witting,Dr. Orville Harvey,2017-08-14,646-671-0184,Silas_Emard21@yahoo.com,2024-10-06T02:48:29.082Z,2024-07-08T11:38:37.924Z,2025-06-17T02:02:50.744Z,false,l7,NORMAL,,,,b3
st123,Mrs. Mable Miller,Joseph Bayer,2018-07-16,243.756.2482 x1851,Johnny_Schulist@gmail.com,2024-12-26T13:08:13.712Z,2024-09-09T18:58:26.032Z,2025-06-17T11:39:09.375Z,false,l7,NORMAL,,,,b2
st124,Miss Carla Franecki Sr.,Louis Moen,2020-05-08,(787) 622-5295 x0244,Leonard16@hotmail.com,2025-01-07T21:02:12.337Z,2024-08-15T02:30:29.575Z,2025-06-17T02:07:10.688Z,false,l7,NORMAL,,,,b1
st125,Laura DuBuque,Kristopher Rippin,2017-07-17,725.770.1622,Molly44@yahoo.com,2025-06-03T07:23:20.170Z,2025-03-05T11:53:57.181Z,2025-06-17T23:50:21.292Z,false,l7,NORMAL,,,,b1
st126,Fred Mraz,Alma Nader,2014-08-06,(979) 297-1217,Mia27@gmail.com,2024-08-28T00:55:58.230Z,2025-04-12T16:50:33.150Z,2025-06-17T05:08:30.568Z,false,l7,NORMAL,,,,b3
st127,Garry Funk,Joanne Toy,2015-07-03,287-920-7569 x0002,Stephon.Davis96@hotmail.com,2024-10-31T02:09:42.391Z,2025-01-21T04:59:24.693Z,2025-06-17T05:35:26.266Z,false,l7,NORMAL,,,,b2
st128,Cynthia Schamberger,Amber Schmeler,2015-05-25,838.394.7171 x522,Columbus_Brakus@hotmail.com,2025-02-21T16:03:44.436Z,2025-03-17T17:48:02.818Z,2025-06-17T05:21:13.224Z,false,l7,NORMAL,,,,b1
st129,Jodi Predovic,Dr. Sherman Schmeler,2018-12-20,679.964.5725 x437,Fred_Auer96@hotmail.com,2025-03-14T04:02:53.682Z,2025-05-19T18:45:21.783Z,2025-06-17T04:22:03.676Z,false,l7,NORMAL,,,,b3
st130,Carlos Douglas,Violet Stokes-Jones,2019-10-06,(394) 886-5727 x745,Maryse_Mitchell88@gmail.com,2024-09-16T08:38:44.087Z,2025-04-01T15:18:47.978Z,2025-06-17T08:29:00.198Z,false,l7,NORMAL,,,,b1
st131,Kim Bernier-Feeney,Darren Ruecker,2021-02-06,277.813.5665,Aaliyah.Yundt91@hotmail.com,2024-06-26T12:02:17.074Z,2025-06-04T08:31:45.205Z,2025-06-18T00:02:41.079Z,false,l7,NORMAL,,,,b1
st132,Melody Carter IV,Janet Bins IV,2020-01-13,1-305-661-9461 x48131,Dallin_Huels47@yahoo.com,2024-10-12T09:59:25.689Z,2024-08-31T02:01:50.706Z,2025-06-17T03:50:42.844Z,false,l7,NORMAL,,,,b2
st133,Dale Kunze,Priscilla Carter,2020-08-28,389-961-8697 x624,Adonis.Cole64@yahoo.com,2025-04-13T09:14:26.120Z,2024-12-16T02:10:40.830Z,2025-06-17T21:11:10.351Z,false,l7,NORMAL,,,,b3
st134,Jeffrey Shanahan,Phillip Emmerich,2020-09-14,(626) 821-2463 x84234,Ignatius.Green@hotmail.com,2024-07-23T16:11:51.606Z,2024-10-24T00:08:51.670Z,2025-06-17T11:17:52.473Z,false,l7,NORMAL,,,,b2
st135,Mr. Nathaniel Keeling DDS,Kim Kuhn,2013-05-28,1-732-306-0180 x68008,Leopold64@yahoo.com,2024-07-28T14:39:48.265Z,2024-12-05T13:03:33.240Z,2025-06-17T02:21:54.735Z,false,l7,NORMAL,,,,b3
st136,Edward Block,Daniel Kerluke,2012-03-05,972.822.9670 x0383,Cornelius71@hotmail.com,2025-03-31T13:20:45.015Z,2024-12-06T04:34:22.194Z,2025-06-17T16:25:56.547Z,false,l7,NORMAL,,,,b1
st137,Derek Davis,Carlos Hermiston,2013-02-03,303-768-2186 x20053,Roosevelt.Casper16@hotmail.com,2024-12-01T15:10:24.891Z,2025-03-29T18:19:18.178Z,2025-06-17T18:59:59.537Z,false,l7,NORMAL,,,,b1
st138,Dr. April Friesen,Lillie Hickle,2012-09-10,(858) 674-6870,Dean73@hotmail.com,2024-08-11T00:49:58.814Z,2024-08-31T10:11:09.883Z,2025-06-17T18:33:35.448Z,false,l7,NORMAL,,,,b2
st139,Randal Cassin,Bernard Rolfson,2019-06-25,300-658-2999 x7507,London_Gerlach@gmail.com,2025-04-15T08:36:15.761Z,2024-09-14T14:27:12.341Z,2025-06-17T12:32:51.415Z,false,l7,NORMAL,,,,b3
st140,Miss Becky White,Nick Quitzon,2020-06-30,856-291-0930 x49925,Linnea_Swaniawski30@gmail.com,2025-01-23T06:22:35.671Z,2024-06-20T07:15:20.104Z,2025-06-17T14:44:04.456Z,false,l7,NORMAL,,,,b1
st141,Jerry Heaney,Terence Schuster,2013-06-29,(788) 758-1717 x2626,Crawford.Gleason@hotmail.com,2024-06-25T15:58:35.654Z,2025-03-29T19:15:44.917Z,2025-06-17T11:06:10.629Z,false,l8,NORMAL,,,,b1
st142,Emanuel Lang,Cora Balistreri,2020-02-15,404.902.7956 x171,Anissa14@gmail.com,2025-03-21T13:02:32.504Z,2024-10-04T06:56:35.268Z,2025-06-17T11:40:37.167Z,false,l8,NORMAL,,,,b2
st143,Rebecca Larson,Laurence Cole,2021-08-20,1-513-500-4791,Heloise_Spencer@hotmail.com,2025-04-08T20:34:32.320Z,2025-02-24T10:05:46.277Z,2025-06-17T07:36:34.394Z,false,l8,NORMAL,,,,b2
st144,Antonio Langworth,Robyn Bradtke,2012-09-17,501.682.0943 x319,Frida62@hotmail.com,2025-05-14T07:35:26.773Z,2025-04-07T18:21:20.897Z,2025-06-17T19:13:14.610Z,false,l8,NORMAL,,,,b1
st145,Morris Ruecker,Mrs. Meghan Grant,2017-11-08,853.991.2971 x853,Cordell.Dooley-Hodkiewicz@yahoo.com,2025-03-16T13:09:28.154Z,2025-06-08T06:21:10.025Z,2025-06-17T06:14:27.021Z,false,l8,NORMAL,,,,b1
st146,Marc Moore-Walker,Malcolm Considine,2019-11-24,813-258-8812 x43833,Milton_Leannon@gmail.com,2024-09-08T18:56:03.766Z,2025-01-10T11:19:59.315Z,2025-06-17T13:45:18.995Z,false,l8,NORMAL,,,,b2
st147,Tommie Nader,Willie Reichert II,2019-10-09,1-452-258-0543 x0036,Cristina_Crooks94@yahoo.com,2025-01-15T12:55:04.301Z,2024-11-26T20:09:00.247Z,2025-06-17T21:07:43.148Z,false,l8,NORMAL,,,,b2
st148,Irma Roberts,Ms. Debbie Bins-Jast,2016-05-20,(827) 439-0725 x783,Alvah.Stoltenberg@hotmail.com,2025-02-16T23:33:55.157Z,2024-08-24T11:25:51.695Z,2025-06-17T08:19:01.701Z,false,l8,NORMAL,,,,b1
st149,Laurie Shanahan,Erick Smith,2013-10-08,(280) 602-7475,Christina_Block55@gmail.com,2024-11-03T17:15:22.033Z,2024-10-23T01:35:21.861Z,2025-06-17T07:41:09.439Z,false,l8,NORMAL,,,,b1
st150,Harvey Herman,Guy Christiansen,2018-12-26,755.480.1012,Florida_Collier@hotmail.com,2025-03-12T11:36:23.309Z,2024-11-19T23:53:18.371Z,2025-06-17T15:00:04.648Z,false,l8,NORMAL,,,,b1
st151,Sally Metz,Rolando Hintz,2019-08-12,329-660-9438 x6259,Landen_OConnell60@gmail.com,2024-06-19T16:49:07.017Z,2025-02-17T08:07:54.541Z,2025-06-17T10:33:29.538Z,false,l8,NORMAL,,,,b2
st152,Marilyn Wunsch-Heaney,Agnes Simonis,2016-11-19,(870) 971-2434 x7839,Schuyler58@yahoo.com,2024-12-03T00:11:47.373Z,2025-01-12T22:38:07.657Z,2025-06-17T21:40:18.963Z,false,l8,NORMAL,,,,b1
st153,Elsa Lockman,Sharon Bauch,2021-06-08,621-820-8616 x19506,Paul_Parisian10@hotmail.com,2025-04-14T18:05:44.694Z,2024-11-16T18:25:36.462Z,2025-06-17T08:44:35.965Z,false,l8,NORMAL,,,,b1
st154,Marty Daniel,Alejandro Kunde I,2017-07-24,(276) 585-7723 x1662,Nichole.Bailey@gmail.com,2025-04-14T08:23:28.583Z,2024-11-06T20:33:53.832Z,2025-06-17T08:52:58.152Z,false,l8,NORMAL,,,,b1
st155,Bernice Heller,Maryann Toy,2017-07-17,400-462-6148,Rosendo89@gmail.com,2024-11-08T08:27:40.339Z,2024-08-11T15:16:23.396Z,2025-06-17T14:21:39.869Z,false,l8,NORMAL,,,,b3
st156,Delores Bahringer,Elsie Aufderhar,2017-07-18,(374) 791-6598 x56654,Skylar13@gmail.com,2024-10-01T11:20:51.680Z,2025-06-12T09:44:56.145Z,2025-06-17T12:54:15.736Z,false,l8,NORMAL,,,,b2
st157,Lester Halvorson,Marta Torp,2015-09-12,(637) 356-4386 x104,Tabitha_Rempel@gmail.com,2024-11-05T20:30:51.548Z,2025-02-17T13:32:03.181Z,2025-06-17T19:31:57.335Z,false,l8,NORMAL,,,,b2
st158,Daryl Mueller PhD,Mr. Lamar Gorczany,2014-09-11,535.791.2931 x94138,Ada_Wolf@gmail.com,2024-12-29T19:53:56.798Z,2025-02-22T14:03:03.660Z,2025-06-17T06:00:23.650Z,false,l8,NORMAL,,,,b1
st159,Francisco Schuster,Byron Dach,2018-06-14,440-917-5792,Monte_Powlowski@yahoo.com,2024-10-31T23:07:40.502Z,2024-08-01T03:39:18.913Z,2025-06-17T21:10:17.611Z,false,l8,NORMAL,,,,b3
st160,Miss Erika Murazik,Viola Ferry,2013-06-20,855-606-1924 x04659,Francisca.Jacobi@hotmail.com,2024-09-11T02:19:35.201Z,2025-01-18T06:53:01.559Z,2025-06-17T15:00:18.846Z,false,l8,NORMAL,,,,b1
st161,Genevieve Gusikowski,Lynette Brown,2013-10-24,241-400-4942 x820,Juliet_Fritsch@yahoo.com,2024-08-18T21:25:37.347Z,2024-11-19T17:56:55.541Z,2025-06-17T03:29:36.869Z,false,l9,NORMAL,,,,b1
st162,Gertrude Ortiz,Stacy Rippin,2013-02-22,869-802-2487 x81099,Dallin25@hotmail.com,2024-10-20T17:59:30.483Z,2025-04-01T09:24:51.452Z,2025-06-17T15:51:24.710Z,false,l9,NORMAL,,,,b2
st163,Cecil Heidenreich,Abraham Mills,2014-11-24,(220) 612-9776 x2864,Bailee_Thompson84@gmail.com,2024-07-05T00:13:58.951Z,2024-07-07T19:10:47.405Z,2025-06-17T22:05:38.081Z,false,l9,NORMAL,,,,b3
st164,Hugh O'Kon,Loren Cronin,2017-06-21,1-989-862-4740 x83410,Mandy59@hotmail.com,2024-10-11T16:23:27.496Z,2024-07-10T22:23:24.744Z,2025-06-17T19:01:24.113Z,false,l9,NORMAL,,,,b2
st165,Clark Homenick,Lindsay Emmerich,2012-09-02,(912) 673-7943,Nat90@yahoo.com,2024-11-05T12:42:11.763Z,2025-05-21T02:17:50.909Z,2025-06-17T11:17:54.800Z,false,l9,NORMAL,,,,b1
st166,Teri Spinka,Sue Hansen-Wisozk,2012-05-02,(825) 363-6179 x76707,Wilhelm36@gmail.com,2025-01-17T23:40:01.608Z,2024-07-03T14:29:39.503Z,2025-06-17T07:11:54.787Z,false,l9,NORMAL,,,,b1
st167,Rosa Roob,Jeanne Gerhold,2017-12-20,(254) 689-2975 x904,Damion.Legros-Orn39@gmail.com,2024-10-28T22:48:23.192Z,2024-07-20T06:28:12.097Z,2025-06-17T05:36:55.013Z,false,l9,NORMAL,,,,b3
st168,Ellen Krajcik,Jonathan Streich,2013-10-31,548-358-4352 x9168,Elta_Botsford@yahoo.com,2025-01-19T06:54:44.542Z,2025-04-04T12:36:38.723Z,2025-06-17T23:37:30.910Z,false,l9,NORMAL,,,,b1
st169,Mr. Craig Feil,Wade Tillman II,2020-07-20,945.570.8683 x95034,Johnson.Mosciski@hotmail.com,2025-05-15T14:04:05.214Z,2024-07-10T01:48:36.120Z,2025-06-17T04:00:23.789Z,false,l9,NORMAL,,,,b2
st170,Matthew Kilback,Drew Bashirian DDS,2015-10-31,751.489.4098 x3935,Seamus6@hotmail.com,2025-02-09T07:12:51.252Z,2025-02-14T01:46:14.089Z,2025-06-17T11:14:18.113Z,false,l9,NORMAL,,,,b2
st171,Virgil Mann,Fred Spencer,2013-04-27,(201) 503-3353 x23524,Maximillian44@gmail.com,2025-02-11T11:08:36.916Z,2025-01-23T18:08:16.369Z,2025-06-17T22:10:35.624Z,false,l9,NORMAL,,,,b2
st172,Rex Klein,Austin Beatty,2020-09-17,532.246.4337,Isabelle_Morissette@hotmail.com,2025-06-17T14:19:27.912Z,2024-09-08T15:05:58.180Z,2025-06-17T10:10:13.438Z,false,l9,NORMAL,,,,b2
st173,Trevor Friesen,Kent Koelpin DVM,2012-03-25,(374) 546-4279 x01780,Demond54@gmail.com,2024-07-28T13:43:22.499Z,2024-09-19T20:09:14.630Z,2025-06-17T01:12:55.008Z,false,l9,NORMAL,,,,b2
st174,Armando Williamson,Terrence Greenfelder,2014-09-28,606.239.8080 x1718,Elyssa33@gmail.com,2024-08-17T18:33:43.536Z,2025-06-11T14:11:35.867Z,2025-06-17T19:43:53.559Z,false,l9,NORMAL,,,,b1
st175,Wallace Schneider,Leo Lowe,2014-08-05,735.381.8887 x16421,Donnell_Lemke@hotmail.com,2024-09-03T05:10:30.727Z,2024-10-31T19:47:15.768Z,2025-06-17T12:39:03.785Z,false,l9,NORMAL,,,,b3
st176,Miss Cecilia Schneider Jr.,Wilbur Mante I,2020-03-01,1-298-291-3148 x98935,Dena_OConnell-Miller@gmail.com,2025-03-22T00:42:59.021Z,2025-01-02T05:30:15.164Z,2025-06-17T05:26:27.367Z,false,l9,NORMAL,,,,b1
st177,Harriet Brakus,Harriet Cremin,2020-09-26,1-843-664-9046 x12434,Felicia.Bins26@yahoo.com,2024-08-05T06:44:44.126Z,2024-09-14T07:18:26.040Z,2025-06-17T06:26:18.747Z,false,l9,NORMAL,,,,b1
st178,Charlie Bahringer,Olive Huel,2019-04-08,1-643-595-0265 x44504,Lupe.Wisoky35@hotmail.com,2024-09-11T10:29:22.955Z,2025-01-26T16:54:56.003Z,2025-06-17T20:04:04.485Z,false,l9,NORMAL,,,,b3
st179,Jean Stoltenberg MD,Gloria Dietrich,2019-04-05,295-516-0760 x23683,Arely_Braun53@yahoo.com,2025-04-03T15:36:12.564Z,2024-10-26T10:02:14.544Z,2025-06-17T16:58:25.035Z,false,l9,NORMAL,,,,b2
st180,Lucy Kutch,Miss Jessie Paucek IV,2013-02-10,375.429.7913 x69699,Doris.Waelchi@hotmail.com,2024-10-14T14:56:41.162Z,2025-05-27T03:47:42.658Z,2025-06-17T22:46:11.047Z,false,l9,NORMAL,,,,b1
st181,Arthur Kuhic,Earl Metz-Schaden,2015-08-02,712.861.8667 x401,Jameson2@yahoo.com,2024-06-21T00:49:35.697Z,2025-04-20T18:10:04.869Z,2025-06-17T01:28:01.278Z,false,l10,NORMAL,,,,b1
st182,Abel Volkman,Mario Bradtke,2018-02-19,249-862-3505 x355,Leila_Runolfsdottir-Jenkins90@gmail.com,2024-09-23T17:10:33.631Z,2025-03-17T04:53:39.084Z,2025-06-17T23:33:08.626Z,false,l10,NORMAL,,,,b1
st183,Otis Simonis PhD,Jennie Ruecker,2018-12-19,(946) 321-1635 x01580,Jessyca64@yahoo.com,2024-08-27T09:19:17.761Z,2024-07-08T22:02:37.700Z,2025-06-17T11:54:24.557Z,false,l10,NORMAL,,,,b3
st184,Wm Baumbach II,Elmer Lemke,2019-10-03,(889) 854-1214 x108,Curtis63@gmail.com,2024-09-18T14:22:03.492Z,2024-09-01T05:01:17.785Z,2025-06-17T15:14:47.405Z,false,l10,NORMAL,,,,b3
st185,Dr. Marie Mante,Cassandra Thompson,2013-08-01,1-736-598-1573 x96263,Wava62@gmail.com,2024-08-31T23:54:04.057Z,2024-11-13T01:13:12.602Z,2025-06-17T22:56:52.775Z,false,l10,NORMAL,,,,b1
st186,Lela Purdy,Miranda Kunde,2012-02-10,950-489-5587,Vivienne_Goldner4@yahoo.com,2024-11-10T16:30:52.749Z,2024-09-13T18:12:57.145Z,2025-06-17T04:22:38.545Z,false,l10,NORMAL,,,,b1
st187,Terence Labadie,Ellen Friesen,2021-11-01,468.240.0785 x93730,Lynn69@hotmail.com,2024-11-26T09:59:15.716Z,2025-02-04T09:23:48.872Z,2025-06-17T01:55:19.459Z,false,l10,NORMAL,,,,b1
st188,Ella Rutherford,Micheal Prosacco,2016-09-07,(560) 213-2490 x31230,Cathy.Bode13@yahoo.com,2024-11-29T08:54:52.437Z,2024-06-23T12:23:23.629Z,2025-06-17T10:54:05.960Z,false,l10,NORMAL,,,,b2
st189,Sidney Jaskolski,Lester Kulas,2014-08-04,1-447-342-7956,Orin85@yahoo.com,2025-01-13T08:04:44.791Z,2024-10-28T13:45:15.500Z,2025-06-17T20:05:38.295Z,false,l10,NORMAL,,,,b3
st190,Dr. Pearl Franey II,Steven Goyette II,2013-01-20,324.942.0432 x278,Florian_Tromp12@yahoo.com,2025-01-13T20:43:32.160Z,2024-11-30T15:28:42.799Z,2025-06-17T09:43:07.359Z,false,l10,NORMAL,,,,b1
st191,Ben Ritchie,Todd McDermott,2021-04-29,324-203-0758 x6820,Octavia.Stark@yahoo.com,2024-11-06T22:54:52.021Z,2025-04-01T23:39:39.251Z,2025-06-17T18:03:36.306Z,false,l10,NORMAL,,,,b1
st192,Gilbert Heathcote V,Santos Hickle,2016-08-16,283-837-5870 x68118,Akeem_Bartoletti@hotmail.com,2024-11-04T08:35:33.091Z,2025-04-12T18:44:19.770Z,2025-06-17T23:09:36.478Z,false,l10,NORMAL,,,,b1
st193,Terrell Swift,Janice Crona Sr.,2016-07-31,1-640-492-8189,Maxine_Bogisich23@hotmail.com,2024-10-17T10:38:22.112Z,2024-11-17T00:09:24.603Z,2025-06-17T07:39:21.660Z,false,l10,NORMAL,,,,b2
st194,Genevieve Steuber,Elmer Osinski Jr.,2016-07-06,955.596.2205 x619,Zaria.McDermott@yahoo.com,2025-02-06T01:38:01.400Z,2024-09-12T03:52:37.456Z,2025-06-17T20:35:20.046Z,false,l10,NORMAL,,,,b2
st195,Phyllis Stamm,Adrienne Runolfsdottir III,2018-11-16,(607) 406-1853 x601,Immanuel88@hotmail.com,2025-04-29T13:31:35.438Z,2025-01-05T10:04:21.713Z,2025-06-17T19:16:19.430Z,false,l10,NORMAL,,,,b1
st196,Sherri Stoltenberg,Eloise Bashirian,2015-08-13,848-374-9979 x6701,Audie_Lueilwitz@yahoo.com,2024-09-08T03:03:08.191Z,2025-02-23T01:26:45.361Z,2025-06-17T13:27:49.678Z,false,l10,NORMAL,,,,b3
st197,Nicholas Collier,Debra Prohaska,2016-12-21,278.500.7156,Bonita.Larson@gmail.com,2025-05-23T00:13:38.337Z,2024-11-29T15:27:49.926Z,2025-06-17T03:26:30.479Z,false,l10,NORMAL,,,,b3
st198,Shelley Gutmann,Terry Welch,2021-03-09,992.448.9827 x98074,Tyrel_Leuschke@gmail.com,2024-10-13T15:33:07.833Z,2024-07-27T11:57:13.628Z,2025-06-17T02:30:23.116Z,false,l10,NORMAL,,,,b1
st199,Michael Bednar,Guadalupe Swift,2013-04-24,(458) 506-8430 x371,Mathew99@hotmail.com,2024-12-27T13:39:44.170Z,2025-01-08T06:58:39.758Z,2025-06-17T14:36:29.114Z,false,l10,NORMAL,,,,b2
st200,Molly Luettgen,Virginia Luettgen,2014-03-05,662.385.3135 x5083,Eleanora23@hotmail.com,2025-02-21T17:28:51.159Z,2024-10-27T21:16:55.012Z,2025-06-17T21:42:36.283Z,false,l10,NORMAL,,,,b1
